# generated-file guest addr	hook	patched at
# Re-apply after regenerating the port tree: tools/trace_patch.py
# and tools/indirect_patch.py for the ones they know, by hand at the
# generated label for the rest (HANDOVER.md section 3.1).
710001e650	g2s_trace_bodycount	0x710001e650
710002e910	g2s_trace_alloc	0x710002e910
7100030c64	g2s_trace_bodycount	0x7100030c64
7100030c74	g2s_trace_emit	0x7100030c74
7100030cfc	g2s_trace_emit	0x7100030cfc
7100036760	g2s_dump_vregs	0x7100036760
7100036760	g2s_trace_bodycount	0x7100036760
7100036a70	g2s_dump_vregs	0x7100036a70
7100036a70	g2s_trace_bodycount	0x7100036a70
7100037110	g2s_dump_vregs	0x7100037110
7100037110	g2s_trace_bodycount	0x7100037110
71000382d0	g2s_indirect	all sites
71000389e0	g2s_trace_bodycount	0x71000389e0
710003a490	g2s_trace_opcodes	0x710003a490
710003a490	g2s_trace_bodycount	0x710003a490
710003a490	g2s_indirect	all sites
710003a500	g2s_trace_opcodes	0x710003a500
710003a500	g2s_trace_bodycount	0x710003a500
710003ad00	g2s_trace_opcodes	0x710003ad00
710003ad00	g2s_trace_bodycount	0x710003ad00
710003ad50	g2s_trace_opcodes	0x710003ad50
710003ad50	g2s_trace_bodycount	0x710003ad50
710003b310	g2s_dump_vregs	0x710003b310
710003b310	g2s_trace_bodycount	0x710003b310
710003b9c0	g2s_trace_bodycount	0x710003b9c0
710003ba20	g2s_dump_vregs	0x710003ba20
710003ba20	g2s_trace_opcodes	0x710003ba20
710003ba20	g2s_trace_bodycount	0x710003ba20
710003ba20	g2s_indirect	all sites
710003bb10	g2s_dump_vregs	0x710003bb10
710003bb10	g2s_trace_opcodes	0x710003bb10
710003bb10	g2s_trace_bodycount	0x710003bb10
710003bb10	g2s_indirect	all sites
710003bc94	g2s_trace_bodycount	0x710003bc94
710003bc94	g2s_indirect	all sites
710003bce0	g2s_indirect	all sites
710003c274	g2s_dump_vregs	0x710003c274
710003c274	g2s_trace_bodycount	0x710003c274
7100040a10	g2s_trace_bodylist	0x7100040a10
7100041080	g2s_trace_regtab	0x7100041080
71000430f0	g2s_dump_vregs	0x71000430f0
71000432c0	g2s_dump_vregs	0x71000432c0
7100043460	g2s_indirect	all sites
7100045530	g2s_dump_graph	0x7100045530
7100045530	g2s_indirect	all sites
7100045ed0	g2s_indirect	all sites
7100046b60	g2s_indirect	all sites
71000473b0	g2s_indirect	all sites
7100047658	g2s_trace_bodycount	0x7100047658
7100047bc0	g2s_trace_bodycount	0x7100047bc0
7100047d60	g2s_dump_vregs	0x7100047d60
7100047d60	g2s_trace_bodycount	0x7100047d60
7100048820	g2s_dump_vregs	0x7100048820
7100048820	g2s_trace_bodycount	0x7100048820
7100048da0	g2s_dump_vregs	0x7100048da0
7100049180	g2s_trace_bodycount	0x7100049180
7100049940	g2s_trace_bodycount	0x7100049940
710004a1a0	g2s_trace_bodycount	0x710004a1a0
710004a2e0	g2s_dump_vregs	0x710004a2e0
710004a2e0	g2s_trace_bodycount	0x710004a2e0
710004a2e0	g2s_indirect	all sites
710004b220	g2s_trace_bodycount	0x710004b220
710004b930	g2s_trace_pick	0x710004b930
710004b930	g2s_trace_picked	0x710004ba60
710004f530	g2s_trace_setop	0x710004f530
710004f580	g2s_trace_setmask	0x710004f580
710004f770	g2s_trace_class	0x710004f770
710004f770	g2s_trace_proto	0x710004f770
710004f850	g2s_trace_class	0x710004f850
710004f930	g2s_trace_class	0x710004f930
710004fa10	g2s_trace_class	0x710004fa10
710004fa10	g2s_trace_ctor_ret	0x710004fa10
710004fa10	g2s_trace_ctor_ret	0x710004fa10
710004faf0	g2s_trace_class	0x710004faf0
710004fbd0	g2s_trace_class	0x710004fbd0
710004fcb0	g2s_trace_class	0x710004fcb0
7100051980	g2s_dump_vregs	0x7100051980
7100052040	g2s_dump_vregs	0x7100052040
7100052680	g2s_dump_vregs	0x7100052680
7100056fa0	g2s_trace_fold	0x7100056fa0
71000588f0	g2s_dump_vregs	0x71000588f0
7100058a20	g2s_dump_vregs	0x7100058a20
710005c1dc	g2s_trace_node	0x710005c1dc
710005c71c	g2s_trace_node	0x710005c71c
7100bd2370	g2s_trace_sym	0x7100bd2370
7100bd61f4	g2s_dump_opnames	0x7100bd61f4
7100bd74f0	g2s_trace_node_lr	0x7100bd74f0
7100bda8b0	g2s_dump_vregs	0x7100bda8b0
7100bddcf0	g2s_trace_opcodes	0x7100bddcf0
7100bddcf0	g2s_trace_bodycount	0x7100bddcf0
7100bdfd14	g2s_trace_opcodes	0x7100bdfd14
7100bdfd14	g2s_trace_bodycount	0x7100bdfd14
7100bdfd14	g2s_trace_dag	0x7100bdfd14
7100d59990	g2s_trace_opcodes	0x7100d59990
7100d59990	g2s_trace_bodycount	0x7100d59990
7100d5ab60	g2s_trace_opcodes	0x7100d5ab60
7100d5ab60	g2s_trace_bodycount	0x7100d5ab60
7100d5ab60	g2s_indirect	all sites
7100ee4c30	g2s_trace_opcodes	0x7100ee4c30
7100eeb1d0	g2s_trace_opcodes	0x7100eeb1d0
7100eee000	g2s_trace_opcodes	0x7100eee000
7100eee650	g2s_trace_opcodes	0x7100eee650
7100eef2a0	g2s_trace_opcodes	0x7100eef2a0
7100eef660	g2s_trace_bodycount	0x7100eef660
7100eef660	g2s_indirect	all sites
7100eeff94	g2s_indirect	all sites
7100eeffa0	g2s_trace_opcodes	0x7100eeffa0
7100ef56a0	g2s_indirect	all sites
7100efa370	g2s_trace_opcodes	0x7100efa370
7100f08560	g2s_trace_mknode	0x7100f08560
7100f086f0	g2s_trace_mknode	0x7100f086f0
7100f088d0	g2s_trace_mknode	0x7100f088d0
7100f08a08	g2s_trace_mknode	0x7100f08a08
7100f08c78	g2s_trace_mknode	0x7100f08c78
7100f08d58	g2s_trace_mknode	0x7100f08d58
7100f09074	g2s_trace_mknode	0x7100f09074
7100f09154	g2s_trace_mknode	0x7100f09154
7100f09284	g2s_trace_mknode	0x7100f09284
7100f09328	g2s_trace_mknode	0x7100f09328
7100f09550	g2s_trace_mknode	0x7100f09550
7100f0964c	g2s_trace_mknode	0x7100f0964c
7100f0972c	g2s_trace_mknode	0x7100f0972c
7100f0972c	g2s_trace_factory	0x7100f0972c
7100f0980c	g2s_trace_mknode	0x7100f0980c
7100f099cc	g2s_trace_mknode	0x7100f099cc
7100f09aac	g2s_trace_mknode	0x7100f09aac
7100f09c34	g2s_trace_mknode	0x7100f09c34
7100f09d14	g2s_trace_mknode	0x7100f09d14
7100f09ecc	g2s_trace_mknode	0x7100f09ecc
7100f0a210	g2s_trace_mknode	0x7100f0a210
7100f0bd20	g2s_trace_mknode	0x7100f0bd20
7100f0be60	g2s_trace_mknode	0x7100f0be60
7100f0bea0	g2s_trace_mknode	0x7100f0bea0
7100f0bee0	g2s_trace_mknode	0x7100f0bee0
7100f0bf20	g2s_trace_mknode	0x7100f0bf20
7100f0c180	g2s_trace_mknode	0x7100f0c180
7100f0c3f0	g2s_trace_mknode	0x7100f0c3f0
7100f0c4e0	g2s_trace_mknode	0x7100f0c4e0
7100f0f860	g2s_trace_opcodes	0x7100f0f860
7100f10a30	g2s_trace_expr	0x7100f10a30
7100f10a30	g2s_trace_irop	0x7100f10a30
7100f10a30	g2s_trace_carrier	0x7100f11548
7100f10a30	g2s_indirect	all sites
7100f13410	g2s_trace_desc	0x7100f13410
7100f13410	g2s_indirect	all sites
7100f171f0	g2s_trace_opcodes	0x7100f171f0
7100f17db0	g2s_trace_opcodes	0x7100f17db0
7100f231a0	g2s_trace_bodycount	0x7100f231a0
7100f236d0	g2s_trace_bodycount	0x7100f236d0
7100f23a30	g2s_trace_opcodes	0x7100f23a30
7100f23a30	g2s_trace_bodycount	0x7100f23a30
7100f27d20	g2s_trace_opcodes	0x7100f27d20
7100f27d20	g2s_trace_bodycount	0x7100f27d20
7100f28170	g2s_trace_opcodes	0x7100f28170
7100f28170	g2s_trace_bodycount	0x7100f28170
7100f288f0	g2s_trace_opcodes	0x7100f288f0
7100f288f0	g2s_trace_bodycount	0x7100f288f0
7100f28a00	g2s_trace_opmap	0x7100f28a00
7100f2c4a0	g2s_trace_opcodes	0x7100f2c4a0
7100f36d80	g2s_trace_opcodes	0x7100f36d80
7100f37000	g2s_trace_opcodes	0x7100f37000
7100f371a0	g2s_trace_opcodes	0x7100f371a0
7100f37330	g2s_trace_opcodes	0x7100f37330
7100f3b030	g2s_dump_names	0x7100f3b030
7100f3f910	g2s_dump_builtin_kinds	0x7100f3f910
7100f3ff20	g2s_trace_opcodes	0x7100f3ff20
7100f401a0	g2s_trace_opcodes	0x7100f401a0
7100f40db0	g2s_trace_opcodes	0x7100f40db0
7100f43470	g2s_trace_opcodes	0x7100f43470
7100f435a0	g2s_trace_opcodes	0x7100f435a0
7100f45770	g2s_trace_opcodes	0x7100f45770
7100f457b0	g2s_dump_builtins	0x7100f457b0
7100f4b870	g2s_trace_opcodes	0x7100f4b870
7100f59e30	g2s_trace_opcodes	0x7100f59e30
7100f66e20	g2s_trace_opcodes	0x7100f66e20
7100f74bc0	g2s_trace_opcodes	0x7100f74bc0
7100f8fca0	g2s_trace_opcodes	0x7100f8fca0
7100f90020	g2s_trace_opcodes	0x7100f90020
7100f9fd50	g2s_trace_opcodes	0x7100f9fd50
7100fa1e80	g2s_trace_opcodes	0x7100fa1e80
7100fa22f0	g2s_trace_opcodes	0x7100fa22f0
7100fa28f0	g2s_trace_opcodes	0x7100fa28f0
7100fa2a60	g2s_trace_opcodes	0x7100fa2a60
7100fa2ef0	g2s_trace_opcodes	0x7100fa2ef0
7100fa2f40	g2s_trace_opcodes	0x7100fa2f40
7100fa5420	g2s_trace_fmt	0x7100fa5420
7100fad840	g2s_trace_opcodes	0x7100fad840
7100fb0070	g2s_trace_opcodes	0x7100fb0070
7100fb1dd0	g2s_trace_opcodes	0x7100fb1dd0
7100fb35c0	g2s_trace_opcodes	0x7100fb35c0
7100fb4120	g2s_trace_opcodes	0x7100fb4120
7100fba4b0	g2s_trace_bodycount	0x7100fba4b0
7100fba4c0	g2s_trace_bodycount	0x7100fba4c0
7100fbab80	g2s_indirect	all sites
7100fc2f40	g2s_trace_bodycount	0x7100fc2f40
7100fc3230	g2s_trace_opcodes	0x7100fc3230
7100fc3230	g2s_trace_bodycount	0x7100fc3230
7100fd1ee0	g2s_dump_extset	0x7100fd1ee0
7100fd2544	g2s_trace_idsets	0x7100fd2544
710004a2e0	g2s_trace_block	0x710004a2e0
710004b220	g2s_indirect	all sites
710004ba90	g2s_trace_sel	0x710004ba90
710004ba90	g2s_trace_selected	0x710004bb9c
710004b220	g2s_trace_stamps	0x710004b220
710004b220	g2s_trace_push	0x710004b740
710004b220	g2s_trace_push	0x710004b7a0
710004b220	g2s_trace_push	0x710004b80c
710004b220	g2s_trace_graph	0x710004b598
7100049780	g2s_indirect	all sites
7100049780	g2s_trace_rel	0x7100049780
7100049940	g2s_indirect	all sites
710004ab80	g2s_trace_edge	0x710004ab80
710004ad20	g2s_trace_def	0x710004ad20
710004f530	g2s_trace_pos	0x710004f530
7100f0bd20	g2s_trace_desc12	0x7100f0bd20
7100f0bd20	g2s_trace_num	0x7100f0bdcc
7100f103d0	g2s_trace_stmt	0x7100f103d0
710004f770	g2s_trace_mkpool	0x710004f770
710004f930	g2s_trace_mkpool	0x710004f930
710004fa10	g2s_trace_mkpool	0x710004fa10
710004faf0	g2s_trace_mkpool	0x710004faf0
710004fbd0	g2s_trace_mkpool	0x710004fbd0
710004fcb0	g2s_trace_mkpool	0x710004fcb0
710004f850	g2s_trace_mkpool	0x710004f850
710004f390	g2s_trace_mkpool	0x710004f390
710004f3d0	g2s_trace_mkpool	0x710004f3d0
710004f410	g2s_trace_mkpool	0x710004f410
710004f450	g2s_trace_mkpool	0x710004f450
710004f5b0	g2s_trace_mkpool	0x710004f5b0
710004f690	g2s_trace_mkpool	0x710004f690
710004fd90	g2s_trace_mkpool	0x710004fd90
7100045530	g2s_trace_regpick	0x7100045e48
7100043460	g2s_trace_ival	0x7100043af0
7100043460	g2s_trace_live	0x7100043a24
71000432c0	g2s_trace_liveset	0x71000432c0
7100052040	g2s_trace_defsrc	0x7100052040
7100043460	g2s_trace_seed	0x7100043638
7100048820	g2s_trace_blockout	0x7100048980
7100048820	g2s_trace_blockseq	0x7100048820
7100045ed0	g2s_trace_simp	0x7100045ed0
7100045ed0	g2s_trace_simped	0x7100046820
7100046b60	g2s_trace_eng	0x7100046f18
7100046b60	g2s_trace_drv	0x7100046b60
7100046b60	g2s_trace_drvg	0x7100046d00
7100046b60	g2s_trace_drvout	0x7100047368
7100043460	g2s_trace_ifgin	0x7100043460
7100043460	g2s_trace_ifgseed	0x71000435e4
7100048820	g2s_trace_seedin	0x7100048820
7100048820	g2s_trace_seedout	0x71000489d8
710006e7c0	g2s_trace_dfin	0x710006e7c0
710006e7c0	g2s_trace_dfout	0x710006f238
7100036760	g2s_trace_rnblk	0x7100036760
7100036760	g2s_trace_rn80	0x7100036780
7100036760	g2s_trace_rn72	0x71000367a4
71000367d0	g2s_trace_rnnew	0x71000368b4
7100036080	g2s_trace_rnmk	0x7100036080
7100f10a30	g2s_trace_irconst	0x7100f10a30
7100f3b030	g2s_trace_exprmk	0x7100f3b030
710004d7b4	g2s_trace_bealloc	0x710004d7b4
7100bdefd0	g2s_trace_legal	0x7100bdefd0
7100bdec20	g2s_trace_legal	0x7100bdec20
710005fe40	g2s_trace_legal	0x710005fe40
710005e230	g2s_trace_legal	0x710005e230
7100060d10	g2s_trace_legal	0x7100060d10
71000636b0	g2s_trace_legal	0x71000636b0
7100063b80	g2s_trace_legal	0x7100063b80
71000607f0	g2s_trace_legal	0x71000607f0
710005eff0	g2s_trace_legal	0x710005eff0
7100065bb0	g2s_trace_legal	0x7100065bb0
710005ff20	g2s_trace_legal	0x710005ff20
7100060110	g2s_trace_legal	0x7100060110
7100069df0	g2s_trace_legal	0x7100069df0
7100069180	g2s_trace_legal	0x7100069180
710005f2d0	g2s_trace_legal	0x710005f2d0
710005f6f0	g2s_trace_legal	0x710005f6f0
710005f1e0	g2s_trace_legal	0x710005f1e0
710006a9f0	g2s_trace_legal	0x710006a9f0
7100062680	g2s_trace_legal	0x7100062680
71000603e0	g2s_trace_legal	0x71000603e0
7100065e20	g2s_trace_legal	0x7100065e20
7100064af0	g2s_trace_legal	0x7100064af0
7100065250	g2s_trace_legal	0x7100065250
7100069310	g2s_trace_legal	0x7100069310
7100069590	g2s_trace_legal	0x7100069590
710006b640	g2s_trace_legal	0x710006b640
7100030e20	g2s_trace_legal	0x7100030e20
7100054130	g2s_trace_walk	0x7100054130
7100fadca0	g2s_trace_argdump	0x7100fadca0
7100ee39c0	g2s_trace_irnew	0x7100ee39c0
710003d0f0	g2s_trace_regname	0x710003d0f0
7100f10a30	g2s_trace_irtree	0x7100f10a30
7100f7b230	g2s_trace_argdump	0x7100f7b230
7100f7b3a0	g2s_trace_shadow	0x7100f7b3a0
7100f0bc10	g2s_trace_argdump	0x7100f0bc10
7100f13ff0	g2s_trace_blkrec	0x7100f15ab4
7100068fd0	g2s_trace_regs	0x71000690a0
7100068fd0	g2s_trace_regs	0x71000690a4
7100f0c4e0	g2s_trace_asgn	0x7100f0c4e0
7100f103d0	g2s_trace_regs	0x7100f103d0
7100f13ff0	g2s_trace_wstmt	0x7100f141e4
7100fa6d10	g2s_trace_irloop	0x7100fa6d88
7100f41ca0	g2s_trace_regs	0x7100f41d10
7100fd5a00	g2s_trace_cgif	0x7100fd5b18
7100f3aab0	g2s_trace_cgnew	0x7100f3aab0
7100ef7d50	g2s_trace_regs	0x7100ef7e9c
7100ef7d50	g2s_trace_regs	0x7100ef8f84
7100eef660	g2s_trace_cgtree	0x7100eefad8
7100eef660	g2s_trace_cgtree	0x7100eefadc
7100eef660	g2s_trace_cgtree	0x7100eefaf4
7100eef660	g2s_trace_cgtree	0x7100eefb0c
7100eef660	g2s_trace_cgtree	0x7100eefb18
7100eef660	g2s_trace_cgtree	0x7100eefb28
7100eef660	g2s_trace_cgtree	0x7100eefb38
7100eef660	g2s_trace_cgtree	0x7100eefb48
7100eef660	g2s_trace_cgtree	0x7100eefb9c
7100fd5a00	g2s_trace_cgif	0x7100fd5b90
7100f3e120	g2s_trace	0x7100f3e120
7100fa6ca0	g2s_trace	0x7100fa6ca0
7100f15e20	g2s_trace	0x7100f15e20
710001e650	g2s_trace	0x710001e650
7100ef1630	g2s_trace	0x7100ef1630
710004a2e0	g2s_trace_entries	0x710004a3a4
710004b930	g2s_trace_pick1	0x710004b930
